va_icd_code,icd_code,description
A009,,
A01,A01,Typhoid and paratyphoid fevers
A010,,
A011,,
A014,,
A03,A03,Shigellosis
A039,,
A059,,
A064,,
A09,A09,Other gastroenteritis and colitis of infectious and unspecified origin
A16,A16,"Respiratory tuberculosis, not confirmed bacteriologically or histologically"
A161,,
A162,,
A169,,
A18,A18,Tuberculosis of other organs
A180,,
A305,,
A309,,
B190,,
B199,,
B20,B20,Human immunodeficiency virus [HIV] disease resulting in infectious and parasitic diseases
B200,,
B204,,
B205,,
B206,,
B207,,
B209,,
B21,B21,Human immunodeficiency virus [HIV] disease resulting in malignant neoplasms
B210,,
B217,,
B218,,
B22,B22,Human immunodeficiency virus [HIV] disease resulting in other specified diseases
B222,,
B227,,
B238,,
B24,B24,Unspecified human immunodeficiency virus [HIV] disease
B240,,
B247,,
B37,B37,Candidiasis
B451,,
B50,B50,Plasmodium falciparum malaria
B500,,
B54,B54,Unspecified malaria
B65,B65,Schistosomiasis [bilharziasis]
B651,,
B659,,
B839,,
C109,,
C159,,
C169,,
C189,,
C22,C22,Malignant neoplasm of liver and intrahepatic bile ducts
C229,,
C329,,
C349,,
C409,,
C43,C43,Malignant melanoma of skin
C446,,
C49,C49,Malignant neoplasm of other connective and soft tissue
C492,,
C496,,
C500,,
C509,,
C53,C53,Malignant neoplasm of cervix uteri
C539,,
C541,,
C55,C55,"Malignant neoplasm of uterus, part unspecified"
C559,,
C56,C56,Malignant neoplasm of ovary
C579,,
C61,C61,Malignant neoplasm of prostate
C619,,
C64,C64,"Malignant neoplasm of kidney, except renal pelvis"
C67,C67,Malignant neoplasm of bladder
C679,,
C68,C68,Malignant neoplasm of other and unspecified urinary organs
C69,C69,Malignant neoplasm of eye and adnexa
C71,C71,Malignant neoplasm of brain
C719,,
C76,C76,Malignant neoplasm of other and ill-defined sites
C760,,
C762,,
C767,,
C769,,
C772,,
C779,,
C798,,
C80,C80,"Malignant neoplasm, without specification of site"
C95,C95,Leukaemia of unspecified cell type
C959,,
D201,,
D24,D24,Benign neoplasm of breast
D261,,
D291,,
D332,,
D37,D37,Neoplasm of uncertain or unknown behaviour of oral cavity and digestive organs
D370,,
D371,,
D374,,
D379,,
D390,,
D399,,
D432,,
D539,,
D57,D57,Sickle-cell disorders
D570,,
D571,,
D599,,
D64,D64,Other anaemias
D649,,
D739,,
E14,E14,Unspecified diabetes mellitus
E148,,
E42,E42,Marasmic kwashiorkor
E46,E46,Unspecified protein-energy malnutrition
F03,F03,Unspecified dementia
F09,F09,Unspecified organic or symptomatic mental disorder
F10,F10,Mental and behavioural disorders due to use of alcohol
F105,,
F29,F29,Unspecified nonorganic psychosis
F769,,
F99,F99,"Mental disorder, not otherwise specified"
G03,G03,Meningitis due to other and unspecified causes
G030,,
G039,,
G40,G40,Epilepsy
G406,,
G409,,
G629,,
G819,,
G822,,
G825,,
G83,G83,Other paralytic syndromes
G93,G93,Other disorders of brain
G934,,
I00,I00,Rheumatic fever without mention of heart involvement
I10,I10,Essential (primary) hypertension
I11,I11,Hypertensive heart disease
I119,,
I131,,
I209,,
I21,I21,Acute myocardial infarction
I219,,
I249,,
I259,,
I319,,
I38,I38,"Endocarditis, valve unspecified"
I42,I42,Cardiomyopathy
I423,,
I429,,
I50,I50,Heart failure
I509,,
I51,I51,Complications and ill-defined descriptions of heart disease
I519,,
I64,I64,"Stroke, not specified as haemorrhage or infarction"
I674,,
I694,,
I959,,
J18,J18,"Pneumonia, organism unspecified"
J188,,
J189,,
J36,J36,Peritonsillar abscess
J44,J44,Other chronic obstructive pulmonary disease
J449,,
J45,J45,Asthma
J459,,
J84,J84,Other interstitial pulmonary diseases
J841,,
J849,,
J98,J98,Other respiratory disorders
J984,,
J988,,
J989,,
K029,,
K069,,
K088,,
K27,K27,"Peptic ulcer, site unspecified"
K270,,
K30,K30,Functional dyspepsia
K319,,
K40,K40,Inguinal hernia
K403,,
K42,K42,Umbilical hernia
K46,K46,Unspecified abdominal hernia
K460,,
K56,K56,Paralytic ileus and intestinal obstruction without hernia
K565,,
K566,,
K610,,
K612,,
K623,,
K625,,
K703,,
K709,,
K73,K73,"Chronic hepatitis, not elsewhere classified"
K739,,
K74,K74,Fibrosis and cirrhosis of liver
K745,,
K746,,
K759,,
K76,K76,Other diseases of liver
K769,,
K922,,
K93,K93,Disorders of other digestive organs in diseases classified elsewhere
L02,L02,"Cutaneous abscess, furuncle and carbuncle"
L022,,
L028,,
L029,,
L03,L03,Cellulitis
L038,,
L039,,
L089,,
L26,L26,Exfoliative dermatitis
L511,,
M600,,
M869,,
N04,N04,Nephrotic syndrome
N10,N10,Acute tubulo-interstitial nephritis
N11,N11,Chronic tubulo-interstitial nephritis
N111,,
N133,,
N139,,
N18,N18,Chronic kidney disease
N189,,
N19,N19,Unspecified kidney failure
N289,,
N369,,
N40,N40,Hyperplasia of prostate
N819,,
N820,,
O019,,
O056,,
O06,O06,Unspecified abortion
O060,,
O061,,
O062,,
O07,O07,Failed attempted abortion
O08,O08,Complications following abortion and ectopic and molar pregnancy
O081,,
O083,,
O14,O14,Pre-eclampsia
O141,,
O149,,
O159,,
O63,O63,Long labour
O669,,
O679,,
O72,O72,Postpartum haemorrhage
O746,,
O85,O85,Puerperal sepsis
O86,O86,Other puerperal infections
O90,O90,"Complications of the puerperium, not elsewhere classified"
O990,,
P073,,
R04,R04,Haemorrhage from respiratory passages
R040,,
R07,R07,Pain in throat and chest
R074,,
R09,R09,Other symptoms and signs involving the circulatory and respiratory systems
R10,R10,Abdominal and pelvic pain
R100,,
R104,,
R13,R13,Dysphagia
R14,R14,Flatulence and related conditions
R16,R16,"Hepatomegaly and splenomegaly, not elsewhere classified"
R161,,
R190,,
R409,,
R50,R50,Fever of other and unknown origin
R509,,
R51,R51,Headache
R54,R54,Senility
R55,R55,Syncope and collapse
R568,,
R60,R60,"Oedema, not elsewhere classified"
R601,,
R90,R90,Abnormal findings on diagnostic imaging of central nervous system
R97,,
R98,R98,Unattended death
R99,R99,Other ill-defined and unspecified causes of mortality
S01,S01,Open wound of head
T181,,
T189,,
T319,,
T50,T50,"Poisoning by diuretics and other and unspecified drugs, medicaments and biological substances"
T51,T51,Toxic effect of alcohol
T519,,
T629,,
T63,T63,Toxic effect of contact with venomous animals
T630,,
T730,,
T889,,
V02,V02,Pedestrian injured in collision with two- or three-wheeled motor vehicle
V09,V09,Pedestrian injured in other and unspecified transport accidents
V093,,
V099,,
V11,V11,Pedal cyclist injured in collision with other pedal cycle
V13,V13,"Pedal cyclist injured in collision with car, pick-up truck or van"
V14,V14,Pedal cyclist injured in collision with heavy transport vehicle or bus
V199,,
V229,,
V23,V23,"Motorcycle rider injured in collision with car, pick-up truck or van"
V29,V29,Motorcycle rider injured in other and unspecified transport accidents
V44,V44,Car occupant injured in collision with heavy transport vehicle or bus
V498,,
V694,,
V79,V79,Bus occupant injured in other and unspecified transport accidents
V846,,
V847,,
V89,V89,"Motor- or nonmotor-vehicle accident, type of vehicle unspecified"
W01,W01,"Fall on same level from slipping, tripping and stumbling"
W14,W14,Fall from tree
W18,W18,Other fall on same level
W19,W19,Unspecified fall
W20,W20,"Struck by thrown, projected or falling object"
W45,W45,Foreign body or object entering through skin
W69,W69,Drowning and submersion while in natural water
W70,W70,Drowning and submersion following fall into natural water
W74,W74,Unspecified drowning and submersion
X09,X09,"Exposure to unspecified smoke, fire and flames"
X20,X20,Contact with venomous snakes and lizards
X36,X36,"Victim of avalanche, landslide and other earth movements"
X49,X49,Accidental poisoning by and exposure to other and unspecified chemicals and noxious substances
X490,,
X499,,
X70,X70,"Intentional self-harm by hanging, strangulation and suffocation"
X91,X91,"Assault by hanging, strangulation and suffocation"
X94,X94,"Assault by rifle, shotgun and larger firearm discharge"
X99,X99,Assault by sharp object
Y00,Y00,Assault by blunt object
Y04,Y04,Assault by bodily force
Y05,Y05,Sexual assault by bodily force
Y09,Y09,Assault by unspecified means
 I09,I09,Other rheumatic heart diseases
A04,A04,Other bacterial intestinal infections
A06,A06,Amoebiasis
A09B20,,
A1,,
A14,,
A15,A15,"Respiratory tuberculosis, bacteriologically and histologically confirmed"
A15.3,A15.3,"Tuberculosis of lung, confirmed by unspecified means"
A16A18,,
A17,A17,Tuberculosis of nervous system
A18.2,A18.2,Tuberculous peripheral lymphadenopathy
A18.8,A18.8,Tuberculosis of other specified organs
A18B20,,
A19,A19,Miliary tuberculosis
A33,A33,Tetanus neonatorum
A35,A35,Other tetanus
A39,A39,Meningococcal infection
A41,A41,Other sepsis
A41L97,,
A48,A48,"Other bacterial diseases, not elsewhere classified"
A48.0,A48.0,Gas gangrene
A49,A49,Bacterial infection of unspecified site
A53,A53,Other and unspecified syphilis
A58,A58,Granuloma inguinale
A60,A60,Anogenital herpesviral [herpes simplex] infection
A82,A82,Rabies
A87,A87,Viral meningitis
A91,,
A99,A99,Unspecified viral haemorrhagic fever
AO9,,
AOG,,
B01,B01,Varicella [chickenpox]
B02,B02,Zoster [herpes zoster]
B05,B05,Measles
B19,B19,Unspecified viral hepatitis
B20A09,,
B20A16,,
B20A18,,
B20K70,,
B22A16,,
B23,B23,Human immunodeficiency virus [HIV] disease resulting in other conditions
B2O,,
B40,B40,Blastomycosis
B5,,
B53,B53,Other parasitologically confirmed malaria
B59,B59,Pneumocystosis
B70,B70,Diphyllobothriasis and sparganosis
B74,B74,Filariasis
B82,B82,Unspecified intestinal parasitism
B90,B90,Sequelae of tuberculosis
B99,B99,Other and unspecified infectious diseases
BO1,,
C02,C02,Malignant neoplasm of other and unspecified parts of tongue
C03,C03,Malignant neoplasm of gum
C14,C14,"Malignant neoplasm of other and ill-defined sites in the lip, oral cavity and pharynx"
C15,C15,Malignant neoplasm of oesophagus
C16,C16,Malignant neoplasm of stomach
C18,C18,Malignant neoplasm of colon
C20,C20,Malignant neoplasm of rectum
C21,C21,Malignant neoplasm of anus and anal canal
C25,C25,Malignant neoplasm of pancreas
C26,C26,Malignant neoplasm of other and ill-defined digestive organs
C32,C32,Malignant neoplasm of larynx
C34,C34,Malignant neoplasm of bronchus and lung
C34.3,C34.3,"Malignant neoplasm: Lower lobe, bronchus or lung"
C39,C39,Malignant neoplasm of other and ill-defined sites in the respiratory system and intrathoracic organs
C40,C40,Malignant neoplasm of bone and articular cartilage of limbs
C41,C41,Malignant neoplasm of bone and articular cartilage of other and unspecified sites
C44,C44,Other malignant neoplasms of skin
C46,C46,Kaposi sarcoma
C50,C50,Malignant neoplasm of breast
C54,C54,Malignant neoplasm of corpus uteri
C57,C57,Malignant neoplasm of other and unspecified female genital organs
C57.3,C57.3,Malignant neoplasm: Parametrium
C62,C62,Malignant neoplasm of testis
C63,C63,Malignant neoplasm of other and unspecified male genital organs
C75,C75,Malignant neoplasm of other endocrine glands and related structures
C82,C82,Follicular lymphoma
C89,,
D05,D05,Carcinoma in situ of breast
D33,D33,Benign neoplasm of brain and other parts of central nervous system
D38,D38,Neoplasm of uncertain or unknown behaviour of middle ear and respiratory and intrathoracic organs
D43,D43,Neoplasm of uncertain or unknown behaviour of brain and central nervous system
D43.3,D43.3,Neoplasm of uncertain or unknown behaviour: Cranial nerves
D46.7,D46.7,Other myelodysplastic syndromes
D61,D61,Other aplastic anaemias
D65,D65,Disseminated intravascular coagulation [defibrination syndrome]
D68,D68,Other coagulation defects
E11,E11,Type 2 diabetes mellitus
E16,E16,Other disorders of pancreatic internal secretion
E40,E40,Kwashiorkor
E41,E41,Nutritional marasmus
E43,E43,Unspecified severe protein-energy malnutrition
E63,E63,Other nutritional deficiencies
E87,E87,"Other disorders of fluid, electrolyte and acid-base balance"
F19,F19,Mental and behavioural disorders due to multiple drug use and use of other psychoactive substances
F33,F33,Recurrent depressive disorder
G00,G00,"Bacterial meningitis, not elsewhere classified"
G00B20,,
G03.1,G03.1,Chronic meningitis
G03.9,G03.9,"Meningitis, unspecified"
G03G09,,
G06,G06,Intracranial and intraspinal abscess and granuloma
G06.0,G06.0,Intracranial abscess and granuloma
G09,G09,Sequelae of inflammatory diseases of central nervous system
G14,G14,Postpolio syndrome
G36,G36,Other acute disseminated demyelination
G37,G37,Other demyelinating diseases of central nervous system
G40.9,G40.9,"Epilepsy, unspecified"
G40.G,,
G61,G61,Inflammatory polyneuropathy
G64,G64,Other disorders of peripheral nervous system
G70,G70,Myasthenia gravis and other myoneural disorders
G80,G80,Cerebral palsy
G82,G82,Paraplegia and tetraplegia
G91,G91,Hydrocephalus
G96,G96,Other disorders of central nervous system
GE,,
GO3,,
H57,H57,Other disorders of eye and adnexa
H61,H61,Other disorders of external ear
H70,H70,Mastoiditis and related conditions
I05,I05,Rheumatic mitral valve diseases
I09,I09,Other rheumatic heart diseases
I16,,
I16.4,,
I18,,
I26,I26,Pulmonary embolism
I30,I30,Acute pericarditis
I45,I45,Other conduction disorders
I46,I46,Cardiac arrest
I49,I49,Other cardiac arrhythmias
I56,,
I59,,
I6,,
I60,I60,Subarachnoid haemorrhage
I61,I61,Intracerebral haemorrhage
I62,I62,Other nontraumatic intracranial haemorrhage
I63,I63,Cerebral infarction
I67,I67,Other cerebrovascular diseases
I73,I73,Other peripheral vascular diseases
I80,I80,Phlebitis and thrombophlebitis
I82,I82,Other venous embolism and thrombosis
I85,I85,Oesophageal varices
I99,I99,Other and unspecified disorders of circulatory system
J01,J01,Acute sinusitis
J05,J05,Acute obstructive laryngitis [croup] and epiglottitis
J10,J10,influenza due to identified seasonal influenza virus
J15,J15,"Bacterial pneumonia, not elsewhere classified"
J16,J16,"Pneumonia due to other infectious organisms, not elsewhere classified"
J21,J21,Acute bronchiolitis
J22,J22,Unspecified acute lower respiratory infection
J42,J42,Unspecified chronic bronchitis
J42J44,,
J44I27,,
J45.9,J45.9,"Asthma, unspecified"
J45.G,,
J47,J47,Bronchiectasis
J47B90,,
J49,,
J50,,
J54,,
J60,J60,Coalworker pneumoconiosis
J64,J64,Unspecified pneumoconiosis
J65,J65,Pneumoconiosis associated with tuberculosis
J8,,
J82,J82,"Pulmonary eosinophilia, not elsewhere classified"
J86,J86,Pyothorax
J90,J90,"Pleural effusion, not elsewhere classified"
J93,J93,Pneumothorax
J95,J95,"Postprocedural respiratory disorders, not elsewhere classified"
K20,K20,Oesophagitis
K22,K22,Other diseases of oesophagus
K27.0,,
K29,K29,Gastritis and duodenitis
K32,,
K35,K35,Acute appendicitis
K61,K61,Abscess of anal and rectal regions
K62,K62,Other diseases of anus and rectum
K63,K63,Other diseases of intestine
K70,K70,Alcoholic liver disease
K72,K72,"Hepatic failure, not elsewhere classified"
"K72, N19",,
K73K72,,
K82,K82,Other diseases of gallbladder
K92,K92,Other diseases of digestive system
K92.0,K92.0,Haematemesis
K92.2,K92.2,"Gastrointestinal haemorrhage, unspecified"
K96,,
L00,L00,Staphylococcal scalded skin syndrome
L01,L01,Impetigo
L08,L08,Other local infections of skin and subcutaneous tissue
L12,L12,Pemphigoid
L13,L13,Other bullous disorders
L30,L30,Other dermatitis
L88,L88,Pyoderma gangrenosum
L93,L93,Lupus erythematosus
L97,L97,"Ulcer of lower limb, not elsewhere classified"
LO3,,
M00,M00,Pyogenic arthritis
M06,M06,Other rheumatoid arthritis
M13,M13,Other arthritis
M79,M79,"Other soft tissue disorders, not elsewhere classified"
M80,M80,Osteoporosis with pathological fracture
M86,M86,Osteomyelitis
N17,N17,Acute renal failure
N21,N21,Calculus of lower urinary tract
N28,N28,"Other disorders of kidney and ureter, not elsewhere classified"
N30,N30,Cystitis
N39,N39,Other disorders of urinary system
N42,N42,Other disorders of prostate
N45,N45,Orchitis and epididymitis
N50,N50,Other disorders of male genital organs
N73,N73,Other female pelvic inflammatory diseases
O00,O00,Ectopic pregnancy
O15,O15,Eclampsia
O21,O21,Excessive vomiting in pregnancy
O31,O31,Complications specific to multiple gestation
O36,O36,Maternal care for other known or suspected fetal problems
O50,,
O60,O60,Preterm labour and delivery
O75,O75,"Other complications of labour and delivery, not elsewhere classified"
O83,O83,Other assisted single delivery
O84,O84,Multiple delivery
O95,O95,Obstetric death of unspecified cause
O98,O98,"Maternal infectious and parasitic diseases classifiable elsewhere but complicating pregnancy, childbirth and the puerperium"
O99,O99,"Other maternal diseases classifiable elsewhere but complicating pregnancy, childbirth and the puerperium"
P01,P01,Fetus and newborn affected by maternal complications of pregnancy
P01.1,P01.1,Fetus and newborn affected by premature rupture of membranes
P02,P02,"Fetus and newborn affected by complications of placenta, cord and membranes"
P03,P03,Fetus and newborn affected by other complications of labour and delivery
P07,P07,"Disorders related to short gestation and low birth weight, not elsewhere classified"
P07.3,P07.3,Other preterm infants
P08.2,P08.2,"Post-term infant, not heavy for gestational age"
P11,P11,Other birth injuries to central nervous system
P20,P20,Intrauterine hypoxia
P21,P21,Birth asphyxia
P22,P22,Respiratory distress of newborn
P24,P24,Neonatal aspiration syndromes
P28,P28,Other respiratory conditions originating in the perinatal period
P36,P36,Bacterial sepsis of newborn
P39,P39,Other infections specific to the perinatal period
P40.0,,
P43,,
P50,P50,Fetal blood loss
P55,P55,Haemolytic disease of fetus and newborn
P58,P58,Neonatal jaundice due to other excessive haemolysis
P59,P59,Neonatal jaundice from other and unspecified causes
P76,P76,Other intestinal obstruction of newborn
P78,P78,Other perinatal digestive system disorders
P78.9,P78.9,"Perinatal digestive system disorder, unspecified"
P91,P91,Other disturbances of cerebral status of newborn
P95,P95,Fetal death of unspecified cause
P96,P96,Other conditions originating in the perinatal period
PO3,,
Q03,Q03,Congenital hydrocephalus
Q04,Q04,Other congenital malformations of brain
Q14,Q14,Congenital malformations of posterior segment of eye
Q21,Q21,Congenital malformations of cardiac septa
Q24,Q24,Other congenital malformations of heart
Q43,Q43,Other congenital malformations of intestine
Q44,Q44,"Congenital malformations of gallbladder, bile ducts and liver"
Q45,Q45,Other congenital malformations of digestive system
Q68,Q68,Other congenital musculoskeletal deformities
Q87,Q87,Other specified congenital malformation syndromes affecting multiple systems
Q89,Q89,"Other congenital malformations, not elsewhere classified"
R02,R02,"Gangrene, not elsewhere classified"
R03,R03,"Abnormal blood-pressure reading, without diagnosis"
R10.0,R10.0,Acute abdomen
R20,R20,Disturbances of skin sensation
R58,R58,"Haemorrhage, not elsewhere classified"
R92,R92,Abnormal findings on diagnostic imaging of breast
R95,R95,Sudden infant death syndrome
R96,R96,"Other sudden death, cause unknown"
RG6,,
S09,S09,Other and unspecified injuries of head
S36,S36,Injury of intra-abdominal organs
S61,S61,Open wound of wrist and hand
S72,S72,Fracture of femur
S79,S79,Other and unspecified injuries of hip and thigh
T12,T12,"Fracture of lower limb, level unspecified"
T14,T14,Injury of unspecified body region
T26,T26,Burn and corrosion confined to eye and adnexa
T29,T29,Burns and corrosions of multiple body regions
T78,T78,"Adverse effects, not elsewhere classified"
T82,T82,"Complications of cardiac and vascular prosthetic devices, implants and grafts"
T92,T92,Sequelae of injuries of upper limb
T95,T95,"Sequelae of burns, corrosions and frostbite"
V 43,,
V 49,,
V03,V03,"Pedestrian injured in collision with car, pick-up truck or van"
V04,V04,Pedestrian injured in collision with heavy transport vehicle or bus
V05,V05,Pedestrian injured in collision with railway train or railway vehicle
V40,V40,Car occupant injured in collision with pedestrian or animal
V43,V43,"Car occupant injured in collision with car, pick-up truck or van"
V47,V47,Car occupant injured in collision with fixed or stationary object
V48,V48,Car occupant injured in noncollision transport accident
V49,V49,Car occupant injured in other and unspecified transport accidents
V53,V53,"Occupant of pick-up truck or van injured in collision with car, pick-up truck or van"
V54,V54,Occupant of pick-up truck or van injured in collision with heavy transport vehicle or bus
V58,V58,Occupant of pick-up truck or van injured in noncollision transport accident
V59,V59,Occupant of pick-up truck or van injured in other and unspecified transport accidents
V64,V64,Occupant of heavy transport vehicle injured in collision with heavy transport vehicle or bus
V81,V81,Occupant of railway train or railway vehicle injured in transport accident
V83.5,V83.5,Driver of special industrial vehicle injured in nontraffic accident
V87,V87,Traffic accident of specified type but victim's mode of transport unknown
V90,V90,Accident to watercraft causing drowning and submersion
W17,W17,Other fall from one level to another
W23.0,,
W23.6,,
W29,W29,Contact with other powered hand tools and household machinery
W34,W34,Discharge from other and unspecified firearms
W49,W49,Exposure to other and unspecified inanimate mechanical forces
W54,W54,Bitten or struck by dog
W55,W55,Bitten or struck by other mammals
W66,W66,Drowning and submersion following fall into bath-tub
W67,W67,Drowning and submersion while in swimming-pool
W73,W73,Other specified drowning and submersion
W79,W79,Inhalation and ingestion of food causing obstruction of respiratory tract
W80,W80,Inhalation and ingestion of other objects causing obstruction of respiratory tract
W85,W85,Exposure to electric transmission lines
X00,X00,Exposure to uncontrolled fire in building or structure
X01,X01,"Exposure to uncontrolled fire, not in building or structure"
X03,X03,"Exposure to controlled fire, not in building or structure"
X12,X12,Contact with other hot fluids
X17.6,,
X21,X21,Contact with venomous spiders
X29,X29,Contact with unspecified venomous animal or plant
X37,X37,Victim of cataclysmic storm
X44,X44,"Accidental poisoning by and exposure to other and unspecified drugs, medicaments and biological substances"
X61,X61,"Intentional self-poisoning by and exposure to antiepileptic, sedative-hypnotic, antiparkinsonism and psychotropic drugs, not elsewhere classified"
X64,X64,"Intentional self-poisoning by and exposure to other and unspecified drugs, medicaments and biological substances"
X68,X68,Intentional self-poisoning by and exposure to pesticides
X69,X69,Intentional self-poisoning by and exposure to other and unspecified chemicals and noxious substances
X72,X72,Intentional self-harm by handgun discharge
X74,X74,Intentional self-harm by other and unspecified firearm discharge
X81,X81,Intentional self-harm by jumping or lying before moving object
X83,X83,Intentional self-harm by other specified means
X84,X84,Intentional self-harm by unspecified means
X93,X93,Assault by handgun discharge
X95,X95,Assault by other and unspecified firearm discharge
X97,X97,"Assault by smoke, fire and flames"
X98,X98,"Assault by steam, hot vapours and hot objects"
Y08,Y08,Assault by other specified means
Y13,Y13,"Poisoning by and exposure to other drugs acting on the autonomic nervous system, undetermined intent"
Y14,Y14,"Poisoning by and exposure to other and unspecified drugs, medicaments and biological substances, undetermined intent"
Y18,Y18,"Poisoning by and exposure to pesticides, undetermined intent"
Y19,Y19,"Poisoning by and exposure to other and unspecified chemicals and noxious substances, undetermined intent"
Y20,Y20,"Hanging, strangulation and suffocation, undetermined intent"
Y21,Y21,"Drowning and submersion, undetermined intent"
Y22,Y22,"Handgun discharge, undetermined intent"
Y24,Y24,"Other and unspecified firearm discharge, undetermined intent"
Y26,Y26,"Exposure to smoke, fire and flames, undetermined intent"
Y30,Y30,"Falling, jumping or pushed from a high place, undetermined intent"
Y34,Y34,"Unspecified event, undetermined intent"
Y37,,
Y42,Y42,"Hormones and their synthetic substitutes and antagonists, not elsewhere classified"
Y53,Y53,Agents primarily affecting the gastrointestinal system
Y66,Y66,Nonadministration of surgical and medical care
Y83,Y83,"Surgical operation and other surgical procedures as the cause of abnormal reaction of the patient, or of later complication, without mention of misadventure at the time of the procedure"
Y85,Y85,Sequelae of transport accidents
Z65,Z65,Problems related to other psychosocial circumstances
Z65.0,Z65.0,Conviction in civil and criminal proceedings without imprisonment
Z72,Z72,Problems related to lifestyle